{"cameraMode":{"drawMode":0,"name":"Shaded","section":"Shading Mode"},"sceneLighting":true,"audioPlay":false,"sceneViewState":{"m_AlwaysRefresh":false,"showFog":true,"showSkybox":true,"showFlares":true,"showImageEffects":true,"showParticleSystems":true,"showVisualEffectGraphs":true,"m_FxEnabled":true},"in2DMode":false,"pivot":{"x":96.98892211914063,"y":92.46588134765625,"z":-21.332656860351564},"rotation":{"x":0.07362049072980881,"y":-0.10510408878326416,"z":-0.007800055202096701,"w":-0.9916799664497376},"size":108.45223999023438,"orthographic":false}